-- phpMyAdmin SQL Dump
-- version 5.2.1
-- https://www.phpmyadmin.net/
--
-- Host: 127.0.0.1
-- Generation Time: Mar 05, 2025 at 09:17 AM
-- Server version: 10.4.32-MariaDB
-- PHP Version: 8.2.12

SET SQL_MODE = "NO_AUTO_VALUE_ON_ZERO";
START TRANSACTION;
SET time_zone = "+00:00";


/*!40101 SET @OLD_CHARACTER_SET_CLIENT=@@CHARACTER_SET_CLIENT */;
/*!40101 SET @OLD_CHARACTER_SET_RESULTS=@@CHARACTER_SET_RESULTS */;
/*!40101 SET @OLD_COLLATION_CONNECTION=@@COLLATION_CONNECTION */;
/*!40101 SET NAMES utf8mb4 */;

--
-- Database: `db_inventoryweb`
--

-- --------------------------------------------------------

--
-- Table structure for table `failed_jobs`
--

CREATE TABLE `failed_jobs` (
  `id` bigint(20) UNSIGNED NOT NULL,
  `uuid` varchar(255) NOT NULL,
  `connection` text NOT NULL,
  `queue` text NOT NULL,
  `payload` longtext NOT NULL,
  `exception` longtext NOT NULL,
  `failed_at` timestamp NOT NULL DEFAULT current_timestamp()
) ENGINE=InnoDB DEFAULT CHARSET=utf8mb4 COLLATE=utf8mb4_unicode_ci;

-- --------------------------------------------------------

--
-- Table structure for table `migrations`
--

CREATE TABLE `migrations` (
  `id` int(10) UNSIGNED NOT NULL,
  `migration` varchar(255) NOT NULL,
  `batch` int(11) NOT NULL
) ENGINE=InnoDB DEFAULT CHARSET=utf8mb4 COLLATE=utf8mb4_unicode_ci;

--
-- Dumping data for table `migrations`
--

INSERT INTO `migrations` (`id`, `migration`, `batch`) VALUES
(1, '2019_08_19_000000_create_failed_jobs_table', 1),
(2, '2019_12_14_000001_create_personal_access_tokens_table', 1),
(3, '2022_10_31_061811_create_menu_table', 1),
(4, '2022_11_01_041110_create_table_role', 1),
(5, '2022_11_01_083314_create_table_user', 1),
(6, '2022_11_03_023905_create_table_submenu', 1),
(7, '2022_11_03_064417_create_tbl_akses', 1),
(8, '2022_11_08_024215_create_tbl_web', 1),
(9, '2022_11_15_131148_create_tbl_jenisbarang', 2),
(10, '2022_11_15_173700_create_tbl_satuan', 3),
(11, '2022_11_15_180434_create_tbl_merk', 4),
(12, '2022_11_16_120018_create_tbl_appreance', 5),
(13, '2022_11_25_141731_create_tbl_barang', 6),
(14, '2022_11_26_011349_create_tbl_customer', 7),
(16, '2022_11_28_151108_create_tbl_barangmasuk', 8),
(17, '2022_11_30_115904_create_tbl_barangkeluar', 9);

-- --------------------------------------------------------

--
-- Table structure for table `personal_access_tokens`
--

CREATE TABLE `personal_access_tokens` (
  `id` bigint(20) UNSIGNED NOT NULL,
  `tokenable_type` varchar(255) NOT NULL,
  `tokenable_id` bigint(20) UNSIGNED NOT NULL,
  `name` varchar(255) NOT NULL,
  `token` varchar(64) NOT NULL,
  `abilities` text DEFAULT NULL,
  `last_used_at` timestamp NULL DEFAULT NULL,
  `expires_at` timestamp NULL DEFAULT NULL,
  `created_at` timestamp NULL DEFAULT NULL,
  `updated_at` timestamp NULL DEFAULT NULL
) ENGINE=InnoDB DEFAULT CHARSET=utf8mb4 COLLATE=utf8mb4_unicode_ci;

-- --------------------------------------------------------

--
-- Table structure for table `tbl_akses`
--

CREATE TABLE `tbl_akses` (
  `akses_id` int(10) UNSIGNED NOT NULL,
  `menu_id` varchar(255) DEFAULT NULL,
  `submenu_id` varchar(255) DEFAULT NULL,
  `othermenu_id` varchar(255) DEFAULT NULL,
  `role_id` varchar(255) NOT NULL,
  `akses_type` varchar(255) NOT NULL,
  `created_at` timestamp NULL DEFAULT NULL,
  `updated_at` timestamp NULL DEFAULT NULL
) ENGINE=InnoDB DEFAULT CHARSET=utf8mb4 COLLATE=utf8mb4_unicode_ci;

--
-- Dumping data for table `tbl_akses`
--

INSERT INTO `tbl_akses` (`akses_id`, `menu_id`, `submenu_id`, `othermenu_id`, `role_id`, `akses_type`, `created_at`, `updated_at`) VALUES
(224, '1667444041', NULL, NULL, '1', 'view', '2022-11-24 05:07:30', '2022-11-24 05:07:30'),
(225, '1667444041', NULL, NULL, '1', 'create', '2022-11-24 05:07:30', '2022-11-24 05:07:30'),
(226, '1667444041', NULL, NULL, '1', 'update', '2022-11-24 05:07:30', '2022-11-24 05:07:30'),
(227, '1667444041', NULL, NULL, '1', 'delete', '2022-11-24 05:07:30', '2022-11-24 05:07:30'),
(228, '1668509889', NULL, NULL, '1', 'view', '2022-11-24 05:07:30', '2022-11-24 05:07:30'),
(229, '1668509889', NULL, NULL, '1', 'create', '2022-11-24 05:07:30', '2022-11-24 05:07:30'),
(230, '1668509889', NULL, NULL, '1', 'update', '2022-11-24 05:07:30', '2022-11-24 05:07:30'),
(231, '1668509889', NULL, NULL, '1', 'delete', '2022-11-24 05:07:30', '2022-11-24 05:07:30'),
(232, '1668510437', NULL, NULL, '1', 'view', '2022-11-24 05:07:30', '2022-11-24 05:07:30'),
(233, '1668510437', NULL, NULL, '1', 'create', '2022-11-24 05:07:30', '2022-11-24 05:07:30'),
(234, '1668510437', NULL, NULL, '1', 'update', '2022-11-24 05:07:30', '2022-11-24 05:07:30'),
(235, '1668510437', NULL, NULL, '1', 'delete', '2022-11-24 05:07:30', '2022-11-24 05:07:30'),
(236, '1668510568', NULL, NULL, '1', 'view', '2022-11-24 05:07:30', '2022-11-24 05:07:30'),
(237, '1668510568', NULL, NULL, '1', 'create', '2022-11-24 05:07:30', '2022-11-24 05:07:30'),
(238, '1668510568', NULL, NULL, '1', 'update', '2022-11-24 05:07:30', '2022-11-24 05:07:30'),
(239, '1668510568', NULL, NULL, '1', 'delete', '2022-11-24 05:07:30', '2022-11-24 05:07:30'),
(240, NULL, '9', NULL, '1', 'view', '2022-11-24 05:07:30', '2022-11-24 05:07:30'),
(241, NULL, '9', NULL, '1', 'create', '2022-11-24 05:07:30', '2022-11-24 05:07:30'),
(242, NULL, '9', NULL, '1', 'update', '2022-11-24 05:07:30', '2022-11-24 05:07:30'),
(243, NULL, '9', NULL, '1', 'delete', '2022-11-24 05:07:30', '2022-11-24 05:07:30'),
(248, NULL, '17', NULL, '1', 'view', '2022-11-24 05:07:30', '2022-11-24 05:07:30'),
(249, NULL, '17', NULL, '1', 'create', '2022-11-24 05:07:30', '2022-11-24 05:07:30'),
(250, NULL, '17', NULL, '1', 'update', '2022-11-24 05:07:30', '2022-11-24 05:07:30'),
(251, NULL, '17', NULL, '1', 'delete', '2022-11-24 05:07:30', '2022-11-24 05:07:30'),
(252, NULL, '10', NULL, '1', 'view', '2022-11-24 05:07:30', '2022-11-24 05:07:30'),
(253, NULL, '10', NULL, '1', 'create', '2022-11-24 05:07:30', '2022-11-24 05:07:30'),
(254, NULL, '10', NULL, '1', 'update', '2022-11-24 05:07:30', '2022-11-24 05:07:30'),
(255, NULL, '10', NULL, '1', 'delete', '2022-11-24 05:07:30', '2022-11-24 05:07:30'),
(260, NULL, '18', NULL, '1', 'view', '2022-11-24 05:07:30', '2022-11-24 05:07:30'),
(261, NULL, '18', NULL, '1', 'create', '2022-11-24 05:07:30', '2022-11-24 05:07:30'),
(262, NULL, '18', NULL, '1', 'update', '2022-11-24 05:07:30', '2022-11-24 05:07:30'),
(263, NULL, '18', NULL, '1', 'delete', '2022-11-24 05:07:30', '2022-11-24 05:07:30'),
(264, NULL, '19', NULL, '1', 'view', '2022-11-24 05:07:30', '2022-11-24 05:07:30'),
(265, NULL, '19', NULL, '1', 'create', '2022-11-24 05:07:30', '2022-11-24 05:07:30'),
(266, NULL, '19', NULL, '1', 'update', '2022-11-24 05:07:30', '2022-11-24 05:07:30'),
(267, NULL, '19', NULL, '1', 'delete', '2022-11-24 05:07:30', '2022-11-24 05:07:30'),
(268, NULL, '20', NULL, '1', 'view', '2022-11-24 05:07:30', '2022-11-24 05:07:30'),
(269, NULL, '20', NULL, '1', 'create', '2022-11-24 05:07:30', '2022-11-24 05:07:30'),
(270, NULL, '20', NULL, '1', 'update', '2022-11-24 05:07:30', '2022-11-24 05:07:30'),
(271, NULL, '20', NULL, '1', 'delete', '2022-11-24 05:07:30', '2022-11-24 05:07:30'),
(272, NULL, NULL, '1', '1', 'view', '2022-11-24 05:07:30', '2022-11-24 05:07:30'),
(273, NULL, NULL, '2', '1', 'view', '2022-11-24 05:07:30', '2022-11-24 05:07:30'),
(274, NULL, NULL, '3', '1', 'view', '2022-11-24 05:07:30', '2022-11-24 05:07:30'),
(275, NULL, NULL, '4', '1', 'view', '2022-11-24 05:07:30', '2022-11-24 05:07:30'),
(276, NULL, NULL, '5', '1', 'view', '2022-11-24 05:07:30', '2022-11-24 05:07:30'),
(277, NULL, NULL, '6', '1', 'view', '2022-11-24 05:07:30', '2022-11-24 05:07:30'),
(278, NULL, NULL, '1', '1', 'create', '2022-11-24 05:07:30', '2022-11-24 05:07:30'),
(279, NULL, NULL, '2', '1', 'create', '2022-11-24 05:07:30', '2022-11-24 05:07:30'),
(280, NULL, NULL, '3', '1', 'create', '2022-11-24 05:07:30', '2022-11-24 05:07:30'),
(281, NULL, NULL, '4', '1', 'create', '2022-11-24 05:07:30', '2022-11-24 05:07:30'),
(282, NULL, NULL, '5', '1', 'create', '2022-11-24 05:07:30', '2022-11-24 05:07:30'),
(283, NULL, NULL, '6', '1', 'create', '2022-11-24 05:07:30', '2022-11-24 05:07:30'),
(284, NULL, NULL, '1', '1', 'update', '2022-11-24 05:07:30', '2022-11-24 05:07:30'),
(285, NULL, NULL, '2', '1', 'update', '2022-11-24 05:07:30', '2022-11-24 05:07:30'),
(286, NULL, NULL, '3', '1', 'update', '2022-11-24 05:07:30', '2022-11-24 05:07:30'),
(287, NULL, NULL, '4', '1', 'update', '2022-11-24 05:07:30', '2022-11-24 05:07:30'),
(288, NULL, NULL, '5', '1', 'update', '2022-11-24 05:07:30', '2022-11-24 05:07:30'),
(289, NULL, NULL, '6', '1', 'update', '2022-11-24 05:07:30', '2022-11-24 05:07:30'),
(290, NULL, NULL, '1', '1', 'delete', '2022-11-24 05:07:30', '2022-11-24 05:07:30'),
(291, NULL, NULL, '2', '1', 'delete', '2022-11-24 05:07:30', '2022-11-24 05:07:30'),
(292, NULL, NULL, '3', '1', 'delete', '2022-11-24 05:07:30', '2022-11-24 05:07:30'),
(293, NULL, NULL, '4', '1', 'delete', '2022-11-24 05:07:30', '2022-11-24 05:07:30'),
(294, NULL, NULL, '5', '1', 'delete', '2022-11-24 05:07:30', '2022-11-24 05:07:30'),
(295, NULL, NULL, '6', '1', 'delete', '2022-11-24 05:07:30', '2022-11-24 05:07:30'),
(296, '1667444041', NULL, NULL, '2', 'view', '2022-11-24 06:04:11', '2022-11-24 06:04:11'),
(297, '1667444041', NULL, NULL, '2', 'create', '2022-11-24 06:04:11', '2022-11-24 06:04:11'),
(298, '1667444041', NULL, NULL, '2', 'update', '2022-11-24 06:04:11', '2022-11-24 06:04:11'),
(299, '1667444041', NULL, NULL, '2', 'delete', '2022-11-24 06:04:11', '2022-11-24 06:04:11'),
(300, '1668509889', NULL, NULL, '2', 'view', '2022-11-24 06:04:11', '2022-11-24 06:04:11'),
(301, '1668509889', NULL, NULL, '2', 'create', '2022-11-24 06:04:11', '2022-11-24 06:04:11'),
(302, '1668509889', NULL, NULL, '2', 'update', '2022-11-24 06:04:11', '2022-11-24 06:04:11'),
(303, '1668509889', NULL, NULL, '2', 'delete', '2022-11-24 06:04:11', '2022-11-24 06:04:11'),
(304, '1668510437', NULL, NULL, '2', 'view', '2022-11-24 06:04:11', '2022-11-24 06:04:11'),
(305, '1668510437', NULL, NULL, '2', 'create', '2022-11-24 06:04:11', '2022-11-24 06:04:11'),
(306, '1668510437', NULL, NULL, '2', 'update', '2022-11-24 06:04:11', '2022-11-24 06:04:11'),
(307, '1668510437', NULL, NULL, '2', 'delete', '2022-11-24 06:04:11', '2022-11-24 06:04:11'),
(309, '1668510568', NULL, NULL, '2', 'create', '2022-11-24 06:04:11', '2022-11-24 06:04:11'),
(310, '1668510568', NULL, NULL, '2', 'update', '2022-11-24 06:04:11', '2022-11-24 06:04:11'),
(311, '1668510568', NULL, NULL, '2', 'delete', '2022-11-24 06:04:11', '2022-11-24 06:04:11'),
(312, NULL, '9', NULL, '2', 'view', '2022-11-24 06:04:11', '2022-11-24 06:04:11'),
(313, NULL, '9', NULL, '2', 'create', '2022-11-24 06:04:11', '2022-11-24 06:04:11'),
(314, NULL, '9', NULL, '2', 'update', '2022-11-24 06:04:11', '2022-11-24 06:04:11'),
(315, NULL, '9', NULL, '2', 'delete', '2022-11-24 06:04:11', '2022-11-24 06:04:11'),
(320, NULL, '17', NULL, '2', 'view', '2022-11-24 06:04:11', '2022-11-24 06:04:11'),
(321, NULL, '17', NULL, '2', 'create', '2022-11-24 06:04:11', '2022-11-24 06:04:11'),
(322, NULL, '17', NULL, '2', 'update', '2022-11-24 06:04:11', '2022-11-24 06:04:11'),
(323, NULL, '17', NULL, '2', 'delete', '2022-11-24 06:04:11', '2022-11-24 06:04:11'),
(324, NULL, '10', NULL, '2', 'view', '2022-11-24 06:04:11', '2022-11-24 06:04:11'),
(325, NULL, '10', NULL, '2', 'create', '2022-11-24 06:04:11', '2022-11-24 06:04:11'),
(326, NULL, '10', NULL, '2', 'update', '2022-11-24 06:04:11', '2022-11-24 06:04:11'),
(327, NULL, '10', NULL, '2', 'delete', '2022-11-24 06:04:11', '2022-11-24 06:04:11'),
(332, NULL, '18', NULL, '2', 'view', '2022-11-24 06:04:11', '2022-11-24 06:04:11'),
(333, NULL, '18', NULL, '2', 'create', '2022-11-24 06:04:11', '2022-11-24 06:04:11'),
(334, NULL, '18', NULL, '2', 'update', '2022-11-24 06:04:11', '2022-11-24 06:04:11'),
(335, NULL, '18', NULL, '2', 'delete', '2022-11-24 06:04:11', '2022-11-24 06:04:11'),
(336, NULL, '19', NULL, '2', 'view', '2022-11-24 06:04:11', '2022-11-24 06:04:11'),
(337, NULL, '19', NULL, '2', 'create', '2022-11-24 06:04:11', '2022-11-24 06:04:11'),
(338, NULL, '19', NULL, '2', 'update', '2022-11-24 06:04:11', '2022-11-24 06:04:11'),
(339, NULL, '19', NULL, '2', 'delete', '2022-11-24 06:04:11', '2022-11-24 06:04:11'),
(340, NULL, '20', NULL, '2', 'view', '2022-11-24 06:04:11', '2022-11-24 06:04:11'),
(341, NULL, '20', NULL, '2', 'create', '2022-11-24 06:04:11', '2022-11-24 06:04:11'),
(342, NULL, '20', NULL, '2', 'update', '2022-11-24 06:04:11', '2022-11-24 06:04:11'),
(343, NULL, '20', NULL, '2', 'delete', '2022-11-24 06:04:11', '2022-11-24 06:04:11'),
(345, NULL, NULL, '2', '2', 'view', '2022-11-24 06:04:11', '2022-11-24 06:04:11'),
(346, NULL, NULL, '3', '2', 'view', '2022-11-24 06:04:11', '2022-11-24 06:04:11'),
(347, NULL, NULL, '4', '2', 'view', '2022-11-24 06:04:11', '2022-11-24 06:04:11'),
(349, NULL, NULL, '6', '2', 'view', '2022-11-24 06:04:11', '2022-11-24 06:04:11'),
(350, NULL, NULL, '1', '2', 'create', '2022-11-24 06:04:11', '2022-11-24 06:04:11'),
(351, NULL, NULL, '2', '2', 'create', '2022-11-24 06:04:11', '2022-11-24 06:04:11'),
(352, NULL, NULL, '3', '2', 'create', '2022-11-24 06:04:11', '2022-11-24 06:04:11'),
(353, NULL, NULL, '4', '2', 'create', '2022-11-24 06:04:11', '2022-11-24 06:04:11'),
(354, NULL, NULL, '5', '2', 'create', '2022-11-24 06:04:11', '2022-11-24 06:04:11'),
(355, NULL, NULL, '6', '2', 'create', '2022-11-24 06:04:11', '2022-11-24 06:04:11'),
(356, NULL, NULL, '1', '2', 'update', '2022-11-24 06:04:11', '2022-11-24 06:04:11'),
(357, NULL, NULL, '2', '2', 'update', '2022-11-24 06:04:11', '2022-11-24 06:04:11'),
(358, NULL, NULL, '3', '2', 'update', '2022-11-24 06:04:11', '2022-11-24 06:04:11'),
(359, NULL, NULL, '4', '2', 'update', '2022-11-24 06:04:11', '2022-11-24 06:04:11'),
(360, NULL, NULL, '5', '2', 'update', '2022-11-24 06:04:11', '2022-11-24 06:04:11'),
(361, NULL, NULL, '6', '2', 'update', '2022-11-24 06:04:11', '2022-11-24 06:04:11'),
(362, NULL, NULL, '1', '2', 'delete', '2022-11-24 06:04:11', '2022-11-24 06:04:11'),
(363, NULL, NULL, '2', '2', 'delete', '2022-11-24 06:04:11', '2022-11-24 06:04:11'),
(364, NULL, NULL, '3', '2', 'delete', '2022-11-24 06:04:11', '2022-11-24 06:04:11'),
(365, NULL, NULL, '4', '2', 'delete', '2022-11-24 06:04:11', '2022-11-24 06:04:11'),
(366, NULL, NULL, '5', '2', 'delete', '2022-11-24 06:04:11', '2022-11-24 06:04:11'),
(367, NULL, NULL, '6', '2', 'delete', '2022-11-24 06:04:11', '2022-11-24 06:04:11'),
(368, '1667444041', NULL, NULL, '3', 'view', '2022-11-24 06:08:11', '2022-11-24 06:08:11'),
(369, '1667444041', NULL, NULL, '3', 'create', '2022-11-24 06:08:11', '2022-11-24 06:08:11'),
(370, '1667444041', NULL, NULL, '3', 'update', '2022-11-24 06:08:11', '2022-11-24 06:08:11'),
(371, '1667444041', NULL, NULL, '3', 'delete', '2022-11-24 06:08:11', '2022-11-24 06:08:11'),
(372, '1668509889', NULL, NULL, '3', 'view', '2022-11-24 06:08:11', '2022-11-24 06:08:11'),
(373, '1668509889', NULL, NULL, '3', 'create', '2022-11-24 06:08:11', '2022-11-24 06:08:11'),
(374, '1668509889', NULL, NULL, '3', 'update', '2022-11-24 06:08:11', '2022-11-24 06:08:11'),
(375, '1668509889', NULL, NULL, '3', 'delete', '2022-11-24 06:08:11', '2022-11-24 06:08:11'),
(376, '1668510437', NULL, NULL, '3', 'view', '2022-11-24 06:08:11', '2022-11-24 06:08:11'),
(377, '1668510437', NULL, NULL, '3', 'create', '2022-11-24 06:08:11', '2022-11-24 06:08:11'),
(378, '1668510437', NULL, NULL, '3', 'update', '2022-11-24 06:08:11', '2022-11-24 06:08:11'),
(379, '1668510437', NULL, NULL, '3', 'delete', '2022-11-24 06:08:11', '2022-11-24 06:08:11'),
(381, '1668510568', NULL, NULL, '3', 'create', '2022-11-24 06:08:11', '2022-11-24 06:08:11'),
(382, '1668510568', NULL, NULL, '3', 'update', '2022-11-24 06:08:11', '2022-11-24 06:08:11'),
(383, '1668510568', NULL, NULL, '3', 'delete', '2022-11-24 06:08:11', '2022-11-24 06:08:11'),
(384, NULL, '9', NULL, '3', 'view', '2022-11-24 06:08:11', '2022-11-24 06:08:11'),
(385, NULL, '9', NULL, '3', 'create', '2022-11-24 06:08:11', '2022-11-24 06:08:11'),
(386, NULL, '9', NULL, '3', 'update', '2022-11-24 06:08:11', '2022-11-24 06:08:11'),
(387, NULL, '9', NULL, '3', 'delete', '2022-11-24 06:08:11', '2022-11-24 06:08:11'),
(392, NULL, '17', NULL, '3', 'view', '2022-11-24 06:08:11', '2022-11-24 06:08:11'),
(393, NULL, '17', NULL, '3', 'create', '2022-11-24 06:08:11', '2022-11-24 06:08:11'),
(394, NULL, '17', NULL, '3', 'update', '2022-11-24 06:08:11', '2022-11-24 06:08:11'),
(395, NULL, '17', NULL, '3', 'delete', '2022-11-24 06:08:11', '2022-11-24 06:08:11'),
(396, NULL, '10', NULL, '3', 'view', '2022-11-24 06:08:11', '2022-11-24 06:08:11'),
(397, NULL, '10', NULL, '3', 'create', '2022-11-24 06:08:11', '2022-11-24 06:08:11'),
(398, NULL, '10', NULL, '3', 'update', '2022-11-24 06:08:11', '2022-11-24 06:08:11'),
(399, NULL, '10', NULL, '3', 'delete', '2022-11-24 06:08:11', '2022-11-24 06:08:11'),
(404, NULL, '18', NULL, '3', 'view', '2022-11-24 06:08:11', '2022-11-24 06:08:11'),
(405, NULL, '18', NULL, '3', 'create', '2022-11-24 06:08:11', '2022-11-24 06:08:11'),
(406, NULL, '18', NULL, '3', 'update', '2022-11-24 06:08:11', '2022-11-24 06:08:11'),
(407, NULL, '18', NULL, '3', 'delete', '2022-11-24 06:08:11', '2022-11-24 06:08:11'),
(408, NULL, '19', NULL, '3', 'view', '2022-11-24 06:08:11', '2022-11-24 06:08:11'),
(409, NULL, '19', NULL, '3', 'create', '2022-11-24 06:08:11', '2022-11-24 06:08:11'),
(410, NULL, '19', NULL, '3', 'update', '2022-11-24 06:08:11', '2022-11-24 06:08:11'),
(411, NULL, '19', NULL, '3', 'delete', '2022-11-24 06:08:11', '2022-11-24 06:08:11'),
(412, NULL, '20', NULL, '3', 'view', '2022-11-24 06:08:11', '2022-11-24 06:08:11'),
(413, NULL, '20', NULL, '3', 'create', '2022-11-24 06:08:11', '2022-11-24 06:08:11'),
(414, NULL, '20', NULL, '3', 'update', '2022-11-24 06:08:11', '2022-11-24 06:08:11'),
(415, NULL, '20', NULL, '3', 'delete', '2022-11-24 06:08:11', '2022-11-24 06:08:11'),
(417, NULL, NULL, '2', '3', 'view', '2022-11-24 06:08:11', '2022-11-24 06:08:11'),
(418, NULL, NULL, '3', '3', 'view', '2022-11-24 06:08:11', '2022-11-24 06:08:11'),
(419, NULL, NULL, '4', '3', 'view', '2022-11-24 06:08:11', '2022-11-24 06:08:11'),
(420, NULL, NULL, '5', '3', 'view', '2022-11-24 06:08:11', '2022-11-24 06:08:11'),
(421, NULL, NULL, '6', '3', 'view', '2022-11-24 06:08:11', '2022-11-24 06:08:11'),
(422, NULL, NULL, '1', '3', 'create', '2022-11-24 06:08:11', '2022-11-24 06:08:11'),
(423, NULL, NULL, '2', '3', 'create', '2022-11-24 06:08:11', '2022-11-24 06:08:11'),
(424, NULL, NULL, '3', '3', 'create', '2022-11-24 06:08:11', '2022-11-24 06:08:11'),
(425, NULL, NULL, '4', '3', 'create', '2022-11-24 06:08:11', '2022-11-24 06:08:11'),
(426, NULL, NULL, '5', '3', 'create', '2022-11-24 06:08:11', '2022-11-24 06:08:11'),
(427, NULL, NULL, '6', '3', 'create', '2022-11-24 06:08:11', '2022-11-24 06:08:11'),
(428, NULL, NULL, '1', '3', 'update', '2022-11-24 06:08:11', '2022-11-24 06:08:11'),
(429, NULL, NULL, '2', '3', 'update', '2022-11-24 06:08:11', '2022-11-24 06:08:11'),
(430, NULL, NULL, '3', '3', 'update', '2022-11-24 06:08:11', '2022-11-24 06:08:11'),
(431, NULL, NULL, '4', '3', 'update', '2022-11-24 06:08:11', '2022-11-24 06:08:11'),
(432, NULL, NULL, '5', '3', 'update', '2022-11-24 06:08:11', '2022-11-24 06:08:11'),
(433, NULL, NULL, '6', '3', 'update', '2022-11-24 06:08:11', '2022-11-24 06:08:11'),
(434, NULL, NULL, '1', '3', 'delete', '2022-11-24 06:08:11', '2022-11-24 06:08:11'),
(435, NULL, NULL, '2', '3', 'delete', '2022-11-24 06:08:11', '2022-11-24 06:08:11'),
(436, NULL, NULL, '3', '3', 'delete', '2022-11-24 06:08:11', '2022-11-24 06:08:11'),
(437, NULL, NULL, '4', '3', 'delete', '2022-11-24 06:08:11', '2022-11-24 06:08:11'),
(438, NULL, NULL, '5', '3', 'delete', '2022-11-24 06:08:11', '2022-11-24 06:08:11'),
(439, NULL, NULL, '6', '3', 'delete', '2022-11-24 06:08:11', '2022-11-24 06:08:11'),
(440, '1669390641', NULL, NULL, '1', 'view', '2022-11-25 08:37:59', '2022-11-25 08:37:59'),
(441, '1669390641', NULL, NULL, '1', 'create', '2022-11-25 08:38:06', '2022-11-25 08:38:06'),
(442, '1669390641', NULL, NULL, '1', 'update', '2022-11-25 08:38:07', '2022-11-25 08:38:07'),
(443, '1669390641', NULL, NULL, '1', 'delete', '2022-11-25 08:38:08', '2022-11-25 08:38:08'),
(444, '1669390641', NULL, NULL, '2', 'view', '2022-11-25 08:38:23', '2022-11-25 08:38:23'),
(445, '1669390641', NULL, NULL, '2', 'create', '2022-11-25 08:38:31', '2022-11-25 08:38:31'),
(446, '1669390641', NULL, NULL, '2', 'update', '2022-11-25 08:38:31', '2022-11-25 08:38:31'),
(447, '1669390641', NULL, NULL, '2', 'delete', '2022-11-25 08:38:32', '2022-11-25 08:38:32'),
(448, '1669390641', NULL, NULL, '3', 'view', '2022-11-25 08:38:49', '2022-11-25 08:38:49'),
(449, '1669390641', NULL, NULL, '3', 'create', '2022-11-25 08:38:55', '2022-11-25 08:38:55'),
(450, '1669390641', NULL, NULL, '3', 'update', '2022-11-25 08:38:55', '2022-11-25 08:38:55'),
(451, '1669390641', NULL, NULL, '3', 'delete', '2022-11-25 08:38:57', '2022-11-25 08:38:57'),
(452, NULL, '21', NULL, '1', 'view', '2022-11-30 05:57:38', '2022-11-30 05:57:38'),
(453, NULL, '22', NULL, '1', 'view', '2022-11-30 05:57:39', '2022-11-30 05:57:39'),
(454, NULL, '23', NULL, '1', 'view', '2022-11-30 05:57:40', '2022-11-30 05:57:40'),
(455, NULL, '21', NULL, '1', 'create', '2022-11-30 05:57:53', '2022-11-30 05:57:53'),
(456, NULL, '22', NULL, '1', 'create', '2022-11-30 05:57:54', '2022-11-30 05:57:54'),
(457, NULL, '23', NULL, '1', 'create', '2022-11-30 05:57:55', '2022-11-30 05:57:55'),
(458, NULL, '23', NULL, '1', 'update', '2022-11-30 05:57:56', '2022-11-30 05:57:56'),
(459, NULL, '22', NULL, '1', 'update', '2022-11-30 05:57:56', '2022-11-30 05:57:56'),
(460, NULL, '21', NULL, '1', 'update', '2022-11-30 05:57:57', '2022-11-30 05:57:57'),
(461, NULL, '21', NULL, '1', 'delete', '2022-11-30 05:57:57', '2022-11-30 05:57:57'),
(462, NULL, '22', NULL, '1', 'delete', '2022-11-30 05:57:58', '2022-11-30 05:57:58'),
(463, NULL, '23', NULL, '1', 'delete', '2022-11-30 05:57:58', '2022-11-30 05:57:58'),
(464, NULL, '21', NULL, '2', 'view', '2022-11-30 05:58:28', '2022-11-30 05:58:28'),
(465, NULL, '22', NULL, '2', 'view', '2022-11-30 05:58:29', '2022-11-30 05:58:29'),
(466, NULL, '23', NULL, '2', 'view', '2022-11-30 05:58:31', '2022-11-30 05:58:31'),
(467, NULL, '21', NULL, '2', 'create', '2022-11-30 05:59:04', '2022-11-30 05:59:04'),
(468, NULL, '21', NULL, '2', 'update', '2022-11-30 05:59:05', '2022-11-30 05:59:05'),
(469, NULL, '21', NULL, '2', 'delete', '2022-11-30 05:59:06', '2022-11-30 05:59:06'),
(470, NULL, '22', NULL, '2', 'delete', '2022-11-30 05:59:07', '2022-11-30 05:59:07'),
(471, NULL, '22', NULL, '2', 'update', '2022-11-30 05:59:08', '2022-11-30 05:59:08'),
(472, NULL, '22', NULL, '2', 'create', '2022-11-30 05:59:09', '2022-11-30 05:59:09'),
(473, NULL, '23', NULL, '2', 'create', '2022-11-30 05:59:10', '2022-11-30 05:59:10'),
(474, NULL, '23', NULL, '2', 'update', '2022-11-30 05:59:11', '2022-11-30 05:59:11'),
(475, NULL, '23', NULL, '2', 'delete', '2022-11-30 05:59:12', '2022-11-30 05:59:12'),
(476, NULL, '21', NULL, '3', 'view', '2022-11-30 05:59:47', '2022-11-30 05:59:47'),
(477, NULL, '22', NULL, '3', 'view', '2022-11-30 05:59:48', '2022-11-30 05:59:48'),
(478, NULL, '23', NULL, '3', 'view', '2022-11-30 05:59:48', '2022-11-30 05:59:48'),
(479, NULL, '21', NULL, '3', 'create', '2022-11-30 06:00:24', '2022-11-30 06:00:24'),
(480, NULL, '21', NULL, '3', 'update', '2022-11-30 06:00:25', '2022-11-30 06:00:25'),
(481, NULL, '21', NULL, '3', 'delete', '2022-11-30 06:00:26', '2022-11-30 06:00:26'),
(482, NULL, '22', NULL, '3', 'delete', '2022-11-30 06:00:27', '2022-11-30 06:00:27'),
(483, NULL, '22', NULL, '3', 'update', '2022-11-30 06:00:28', '2022-11-30 06:00:28'),
(484, NULL, '22', NULL, '3', 'create', '2022-11-30 06:00:29', '2022-11-30 06:00:29'),
(485, NULL, '23', NULL, '3', 'create', '2022-11-30 06:00:30', '2022-11-30 06:00:30'),
(486, NULL, '23', NULL, '3', 'update', '2022-11-30 06:00:30', '2022-11-30 06:00:30'),
(487, NULL, '23', NULL, '3', 'delete', '2022-11-30 06:00:31', '2022-11-30 06:00:31'),
(568, '1667444041', NULL, NULL, '4', 'view', '2025-01-10 06:40:30', '2025-01-10 06:40:30'),
(569, '1667444041', NULL, NULL, '4', 'create', '2025-01-10 06:40:30', '2025-01-10 06:40:30'),
(570, '1667444041', NULL, NULL, '4', 'update', '2025-01-10 06:40:30', '2025-01-10 06:40:30'),
(571, '1667444041', NULL, NULL, '4', 'delete', '2025-01-10 06:40:30', '2025-01-10 06:40:30'),
(572, '1668509889', NULL, NULL, '4', 'view', '2025-01-10 06:40:30', '2025-01-10 06:40:30'),
(573, '1668509889', NULL, NULL, '4', 'create', '2025-01-10 06:40:30', '2025-01-10 06:40:30'),
(574, '1668509889', NULL, NULL, '4', 'update', '2025-01-10 06:40:30', '2025-01-10 06:40:30'),
(575, '1668509889', NULL, NULL, '4', 'delete', '2025-01-10 06:40:30', '2025-01-10 06:40:30'),
(576, '1669390641', NULL, NULL, '4', 'view', '2025-01-10 06:40:30', '2025-01-10 06:40:30'),
(577, '1669390641', NULL, NULL, '4', 'create', '2025-01-10 06:40:30', '2025-01-10 06:40:30'),
(578, '1669390641', NULL, NULL, '4', 'update', '2025-01-10 06:40:30', '2025-01-10 06:40:30'),
(579, '1669390641', NULL, NULL, '4', 'delete', '2025-01-10 06:40:30', '2025-01-10 06:40:30'),
(580, '1668510437', NULL, NULL, '4', 'view', '2025-01-10 06:40:30', '2025-01-10 06:40:30'),
(581, '1668510437', NULL, NULL, '4', 'create', '2025-01-10 06:40:30', '2025-01-10 06:40:30'),
(582, '1668510437', NULL, NULL, '4', 'update', '2025-01-10 06:40:30', '2025-01-10 06:40:30'),
(583, '1668510437', NULL, NULL, '4', 'delete', '2025-01-10 06:40:30', '2025-01-10 06:40:30'),
(584, '1668510568', NULL, NULL, '4', 'view', '2025-01-10 06:40:30', '2025-01-10 06:40:30'),
(585, '1668510568', NULL, NULL, '4', 'create', '2025-01-10 06:40:30', '2025-01-10 06:40:30'),
(586, '1668510568', NULL, NULL, '4', 'update', '2025-01-10 06:40:30', '2025-01-10 06:40:30'),
(587, '1668510568', NULL, NULL, '4', 'delete', '2025-01-10 06:40:30', '2025-01-10 06:40:30'),
(588, NULL, '9', NULL, '4', 'view', '2025-01-10 06:40:30', '2025-01-10 06:40:30'),
(589, NULL, '9', NULL, '4', 'create', '2025-01-10 06:40:30', '2025-01-10 06:40:30'),
(590, NULL, '9', NULL, '4', 'update', '2025-01-10 06:40:30', '2025-01-10 06:40:30'),
(591, NULL, '9', NULL, '4', 'delete', '2025-01-10 06:40:30', '2025-01-10 06:40:30'),
(592, NULL, '17', NULL, '4', 'view', '2025-01-10 06:40:30', '2025-01-10 06:40:30'),
(593, NULL, '17', NULL, '4', 'create', '2025-01-10 06:40:30', '2025-01-10 06:40:30'),
(594, NULL, '17', NULL, '4', 'update', '2025-01-10 06:40:30', '2025-01-10 06:40:30'),
(595, NULL, '17', NULL, '4', 'delete', '2025-01-10 06:40:30', '2025-01-10 06:40:30'),
(596, NULL, '21', NULL, '4', 'view', '2025-01-10 06:40:30', '2025-01-10 06:40:30'),
(597, NULL, '21', NULL, '4', 'create', '2025-01-10 06:40:30', '2025-01-10 06:40:30'),
(598, NULL, '21', NULL, '4', 'update', '2025-01-10 06:40:30', '2025-01-10 06:40:30'),
(599, NULL, '21', NULL, '4', 'delete', '2025-01-10 06:40:30', '2025-01-10 06:40:30'),
(600, NULL, '10', NULL, '4', 'view', '2025-01-10 06:40:30', '2025-01-10 06:40:30'),
(601, NULL, '10', NULL, '4', 'create', '2025-01-10 06:40:30', '2025-01-10 06:40:30'),
(602, NULL, '10', NULL, '4', 'update', '2025-01-10 06:40:30', '2025-01-10 06:40:30'),
(603, NULL, '10', NULL, '4', 'delete', '2025-01-10 06:40:30', '2025-01-10 06:40:30'),
(604, NULL, '18', NULL, '4', 'view', '2025-01-10 06:40:30', '2025-01-10 06:40:30'),
(605, NULL, '18', NULL, '4', 'create', '2025-01-10 06:40:30', '2025-01-10 06:40:30'),
(606, NULL, '18', NULL, '4', 'update', '2025-01-10 06:40:30', '2025-01-10 06:40:30'),
(607, NULL, '18', NULL, '4', 'delete', '2025-01-10 06:40:30', '2025-01-10 06:40:30'),
(608, NULL, '22', NULL, '4', 'view', '2025-01-10 06:40:30', '2025-01-10 06:40:30'),
(609, NULL, '22', NULL, '4', 'create', '2025-01-10 06:40:30', '2025-01-10 06:40:30'),
(610, NULL, '22', NULL, '4', 'update', '2025-01-10 06:40:30', '2025-01-10 06:40:30'),
(611, NULL, '22', NULL, '4', 'delete', '2025-01-10 06:40:30', '2025-01-10 06:40:30'),
(612, NULL, '19', NULL, '4', 'view', '2025-01-10 06:40:30', '2025-01-10 06:40:30'),
(613, NULL, '19', NULL, '4', 'create', '2025-01-10 06:40:30', '2025-01-10 06:40:30'),
(614, NULL, '19', NULL, '4', 'update', '2025-01-10 06:40:30', '2025-01-10 06:40:30'),
(615, NULL, '19', NULL, '4', 'delete', '2025-01-10 06:40:30', '2025-01-10 06:40:30'),
(616, NULL, '23', NULL, '4', 'view', '2025-01-10 06:40:30', '2025-01-10 06:40:30'),
(617, NULL, '23', NULL, '4', 'create', '2025-01-10 06:40:30', '2025-01-10 06:40:30'),
(618, NULL, '23', NULL, '4', 'update', '2025-01-10 06:40:30', '2025-01-10 06:40:30'),
(619, NULL, '23', NULL, '4', 'delete', '2025-01-10 06:40:30', '2025-01-10 06:40:30'),
(620, NULL, '20', NULL, '4', 'view', '2025-01-10 06:40:30', '2025-01-10 06:40:30'),
(621, NULL, '20', NULL, '4', 'create', '2025-01-10 06:40:30', '2025-01-10 06:40:30'),
(622, NULL, '20', NULL, '4', 'update', '2025-01-10 06:40:30', '2025-01-10 06:40:30'),
(623, NULL, '20', NULL, '4', 'delete', '2025-01-10 06:40:30', '2025-01-10 06:40:30'),
(624, NULL, NULL, '1', '4', 'view', '2025-01-10 06:40:30', '2025-01-10 06:40:30'),
(625, NULL, NULL, '2', '4', 'view', '2025-01-10 06:40:30', '2025-01-10 06:40:30'),
(626, NULL, NULL, '3', '4', 'view', '2025-01-10 06:40:30', '2025-01-10 06:40:30'),
(627, NULL, NULL, '4', '4', 'view', '2025-01-10 06:40:30', '2025-01-10 06:40:30'),
(628, NULL, NULL, '5', '4', 'view', '2025-01-10 06:40:30', '2025-01-10 06:40:30'),
(629, NULL, NULL, '6', '4', 'view', '2025-01-10 06:40:30', '2025-01-10 06:40:30'),
(630, NULL, NULL, '1', '4', 'create', '2025-01-10 06:40:30', '2025-01-10 06:40:30'),
(631, NULL, NULL, '2', '4', 'create', '2025-01-10 06:40:30', '2025-01-10 06:40:30'),
(632, NULL, NULL, '3', '4', 'create', '2025-01-10 06:40:30', '2025-01-10 06:40:30'),
(633, NULL, NULL, '4', '4', 'create', '2025-01-10 06:40:30', '2025-01-10 06:40:30'),
(634, NULL, NULL, '5', '4', 'create', '2025-01-10 06:40:30', '2025-01-10 06:40:30'),
(635, NULL, NULL, '6', '4', 'create', '2025-01-10 06:40:30', '2025-01-10 06:40:30'),
(636, NULL, NULL, '1', '4', 'update', '2025-01-10 06:40:30', '2025-01-10 06:40:30'),
(637, NULL, NULL, '2', '4', 'update', '2025-01-10 06:40:30', '2025-01-10 06:40:30'),
(638, NULL, NULL, '3', '4', 'update', '2025-01-10 06:40:30', '2025-01-10 06:40:30'),
(639, NULL, NULL, '4', '4', 'update', '2025-01-10 06:40:30', '2025-01-10 06:40:30'),
(640, NULL, NULL, '5', '4', 'update', '2025-01-10 06:40:30', '2025-01-10 06:40:30'),
(641, NULL, NULL, '6', '4', 'update', '2025-01-10 06:40:30', '2025-01-10 06:40:30'),
(642, NULL, NULL, '1', '4', 'delete', '2025-01-10 06:40:30', '2025-01-10 06:40:30'),
(643, NULL, NULL, '2', '4', 'delete', '2025-01-10 06:40:30', '2025-01-10 06:40:30'),
(644, NULL, NULL, '3', '4', 'delete', '2025-01-10 06:40:30', '2025-01-10 06:40:30'),
(645, NULL, NULL, '4', '4', 'delete', '2025-01-10 06:40:30', '2025-01-10 06:40:30'),
(646, NULL, NULL, '5', '4', 'delete', '2025-01-10 06:40:30', '2025-01-10 06:40:30'),
(647, NULL, NULL, '6', '4', 'delete', '2025-01-10 06:40:30', '2025-01-10 06:40:30');

-- --------------------------------------------------------

--
-- Table structure for table `tbl_appreance`
--

CREATE TABLE `tbl_appreance` (
  `appreance_id` int(10) UNSIGNED NOT NULL,
  `user_id` varchar(255) NOT NULL,
  `appreance_layout` varchar(255) DEFAULT NULL,
  `appreance_theme` varchar(255) DEFAULT NULL,
  `appreance_menu` varchar(255) DEFAULT NULL,
  `appreance_header` varchar(255) DEFAULT NULL,
  `appreance_sidestyle` varchar(255) DEFAULT NULL,
  `created_at` timestamp NULL DEFAULT NULL,
  `updated_at` timestamp NULL DEFAULT NULL
) ENGINE=InnoDB DEFAULT CHARSET=utf8mb4 COLLATE=utf8mb4_unicode_ci;

--
-- Dumping data for table `tbl_appreance`
--

INSERT INTO `tbl_appreance` (`appreance_id`, `user_id`, `appreance_layout`, `appreance_theme`, `appreance_menu`, `appreance_header`, `appreance_sidestyle`, `created_at`, `updated_at`) VALUES
(2, '1', 'sidebar-mini', 'light-mode', 'light-menu', 'header-light', 'default-menu', '2022-11-22 02:45:47', '2022-11-24 06:00:20'),
(3, '2', 'sidebar-mini', 'light-mode', 'light-menu', 'header-light', 'default-menu', '2025-03-02 21:54:57', '2025-03-02 21:57:24');

-- --------------------------------------------------------

--
-- Table structure for table `tbl_barang`
--

CREATE TABLE `tbl_barang` (
  `barang_id` int(255) NOT NULL,
  `jenisbarang_id` varchar(255) DEFAULT NULL,
  `satuan_id` varchar(255) DEFAULT NULL,
  `merk_id` varchar(255) DEFAULT NULL,
  `barang_kode` varchar(255) NOT NULL,
  `barang_nama` varchar(255) NOT NULL,
  `barang_slug` varchar(255) DEFAULT NULL,
  `barang_harga` varchar(255) NOT NULL,
  `barang_stok` varchar(255) NOT NULL,
  `barang_gambar` varchar(255) DEFAULT NULL,
  `created_at` timestamp NULL DEFAULT NULL,
  `updated_at` timestamp NULL DEFAULT NULL
) ENGINE=InnoDB DEFAULT CHARSET=latin1 COLLATE=latin1_swedish_ci;

--
-- Dumping data for table `tbl_barang`
--

INSERT INTO `tbl_barang` (`barang_id`, `jenisbarang_id`, `satuan_id`, `merk_id`, `barang_kode`, `barang_nama`, `barang_slug`, `barang_harga`, `barang_stok`, `barang_gambar`, `created_at`, `updated_at`) VALUES
(9, '19', '11', '8', 'BRG-1737520624346', 'chiki', 'chiki', '150000', '2', 'image.png', '2025-01-21 21:37:37', '2025-01-21 21:37:37'),
(11, '14', '11', NULL, 'BRG-1737784966979', 'mamypoko', 'mamypoko', '15000', '20', 'image.png', '2025-01-24 23:03:13', '2025-01-24 23:03:23'),
(13, '18', '11', '9', 'BRG-1740770107959', 'B1', 'b1', '10000', '30', 'image.png', '2025-02-28 12:15:29', '2025-02-28 12:15:41'),
(14, '17', '11', '8', 'BRG-1740906250371', 'mie instan', 'mie-instan', '90000', '20', 'image.png', '2025-03-02 02:04:37', '2025-03-02 02:04:49'),
(15, '15', '11', '8', 'BRG-1740982041238', 'mie instan', 'mie-instan', '50000', '15', 'image.png', '2025-03-02 23:07:50', '2025-03-02 23:08:07');

-- --------------------------------------------------------

--
-- Table structure for table `tbl_barangkeluar`
--

CREATE TABLE `tbl_barangkeluar` (
  `bk_id` int(10) UNSIGNED NOT NULL,
  `bk_kode` varchar(255) NOT NULL,
  `barang_kode` varchar(255) NOT NULL,
  `bk_tanggal` varchar(255) NOT NULL,
  `bk_tujuan` varchar(255) DEFAULT NULL,
  `bk_jumlah` varchar(255) NOT NULL,
  `created_at` timestamp NULL DEFAULT NULL,
  `updated_at` timestamp NULL DEFAULT NULL
) ENGINE=InnoDB DEFAULT CHARSET=utf8mb4 COLLATE=utf8mb4_unicode_ci;

--
-- Dumping data for table `tbl_barangkeluar`
--

INSERT INTO `tbl_barangkeluar` (`bk_id`, `bk_kode`, `barang_kode`, `bk_tanggal`, `bk_tujuan`, `bk_jumlah`, `created_at`, `updated_at`) VALUES
(22, 'BK-1737537788248', 'BRG-1737529440731', '2025-01-22', 'habi', '10', '2025-01-22 02:23:26', '2025-01-22 02:23:26'),
(23, 'BK-1737595673146', 'BRG-1737529440731', '2025-01-23', 'juju', '4', '2025-01-22 18:28:13', '2025-01-22 18:28:13'),
(25, 'BK-1737596166124', 'BRG-1737529440731', '2025-01-21', 'juju', '2', '2025-01-22 18:36:19', '2025-01-22 18:36:19'),
(28, 'BK-1737597999980', 'BRG-1737529440731', '2025-01-20', 'juju', '4', '2025-01-22 19:06:55', '2025-01-22 19:06:55'),
(37, 'BK-1737602742815', 'BRG-1737529440731', '2025-01-22', 'juju', '2', '2025-01-22 20:25:57', '2025-01-22 20:25:57'),
(44, 'BK-1737703650230', 'BRG-1737529440731', '2025-01-30', 'juju', '5', '2025-01-24 00:27:40', '2025-01-24 00:27:40'),
(48, 'BK-1737783911853', 'BRG-1737529440731', '2025-01-27', 'juju', '10', '2025-01-24 22:45:30', '2025-01-24 22:45:30'),
(49, 'BK-1737784374147', 'BRG-1737520624346', '2025-01-22', 'juju', '1', '2025-01-24 22:53:07', '2025-01-24 22:53:07'),
(51, 'BK-1737784820037', 'BRG-1737529440731', '2025-01-20', 'juju', '1', '2025-01-24 23:00:33', '2025-01-24 23:00:33'),
(52, 'BK-1737785019667', 'BRG-1737784966979', '2025-01-29', 'juju', '5', '2025-01-24 23:03:53', '2025-01-24 23:03:53'),
(53, 'BK-1738516607060', 'BRG-1737784966979', '2025-02-02', 'juju', '2', '2025-02-02 10:17:01', '2025-02-02 10:17:01'),
(55, 'BK-1740770158479', 'BRG-1740770107959', '2025-03-26', 'juju', '5', '2025-02-28 12:16:13', '2025-02-28 12:16:13'),
(56, 'BK-1740770227722', 'BRG-1740770107959', '2025-03-26', 'juju', '3', '2025-02-28 12:17:22', '2025-02-28 12:17:22'),
(57, 'BK-1740906338841', 'BRG-1740906250371', '2025-03-26', 'tk malik', '5', '2025-03-02 02:05:56', '2025-03-02 02:05:56'),
(58, 'BK-1740982107503', 'BRG-1740982041238', '2025-03-31', 'juju', '5', '2025-03-02 23:08:46', '2025-03-02 23:08:46'),
(59, 'BK-1740983250529', 'BRG-1740982041238', '2025-03-31', 'juju', '5', '2025-03-02 23:27:45', '2025-03-02 23:27:45');

-- --------------------------------------------------------

--
-- Table structure for table `tbl_barangmasuk`
--

CREATE TABLE `tbl_barangmasuk` (
  `bm_id` int(10) UNSIGNED NOT NULL,
  `bm_kode` varchar(255) NOT NULL,
  `barang_kode` varchar(255) NOT NULL,
  `customer_id` varchar(255) NOT NULL,
  `bm_tanggal` varchar(255) NOT NULL,
  `bm_jumlah` varchar(255) NOT NULL,
  `created_at` timestamp NULL DEFAULT NULL,
  `updated_at` timestamp NULL DEFAULT NULL
) ENGINE=InnoDB DEFAULT CHARSET=utf8mb4 COLLATE=utf8mb4_unicode_ci;

--
-- Dumping data for table `tbl_barangmasuk`
--

INSERT INTO `tbl_barangmasuk` (`bm_id`, `bm_kode`, `barang_kode`, `customer_id`, `bm_tanggal`, `bm_jumlah`, `created_at`, `updated_at`) VALUES
(11, 'BM-1737537281090', 'BRG-1737529440731', '4', '2025-01-22', '30', '2025-01-22 02:15:05', '2025-01-22 02:15:05'),
(12, 'BM-1737784718051', 'BRG-1737529440731', '5', '2025-01-14', '20', '2025-01-24 22:58:56', '2025-01-24 22:58:56'),
(13, 'BM-1738516345649', 'BRG-1737784966979', '5', '2025-02-19', '5', '2025-02-02 10:13:05', '2025-02-02 10:13:05'),
(14, 'BM-1738516518829', 'BRG-1737784966979', '5', '2025-02-26', '4', '2025-02-02 10:16:07', '2025-02-02 10:16:07'),
(18, 'BM-1740770003866', 'BRG-1737520624346', '5', '2025-03-31', '10', '2025-02-28 12:13:51', '2025-02-28 12:13:51'),
(19, 'BM-1740770197281', 'BRG-1740770107959', '5', '2025-03-25', '5', '2025-02-28 12:16:50', '2025-02-28 12:16:50'),
(20, 'BM-1740906305460', 'BRG-1740906250371', '5', '2025-03-26', '10', '2025-03-02 02:05:24', '2025-03-02 02:05:24');

-- --------------------------------------------------------

--
-- Table structure for table `tbl_customer`
--

CREATE TABLE `tbl_customer` (
  `customer_id` int(10) UNSIGNED NOT NULL,
  `customer_nama` varchar(255) NOT NULL,
  `customer_slug` varchar(255) NOT NULL,
  `customer_alamat` text DEFAULT NULL,
  `customer_notelp` varchar(255) DEFAULT NULL,
  `created_at` timestamp NULL DEFAULT NULL,
  `updated_at` timestamp NULL DEFAULT NULL
) ENGINE=InnoDB DEFAULT CHARSET=utf8mb4 COLLATE=utf8mb4_unicode_ci;

--
-- Dumping data for table `tbl_customer`
--

INSERT INTO `tbl_customer` (`customer_id`, `customer_nama`, `customer_slug`, `customer_alamat`, `customer_notelp`, `created_at`, `updated_at`) VALUES
(4, 'Budi', 'budi', NULL, '08593456371022', '2025-01-10 10:38:41', '2025-02-02 10:15:05'),
(5, 'cv indah lokal', 'cv-indah-lokal', NULL, '088567849382', '2025-01-24 07:51:37', '2025-02-02 10:14:21');

-- --------------------------------------------------------

--
-- Table structure for table `tbl_jenisbarang`
--

CREATE TABLE `tbl_jenisbarang` (
  `jenisbarang_id` int(255) UNSIGNED NOT NULL,
  `jenisbarang_nama` varchar(255) NOT NULL,
  `jenisbarang_slug` varchar(255) NOT NULL,
  `jenisbarang_ket` text DEFAULT NULL,
  `created_at` timestamp NULL DEFAULT NULL,
  `updated_at` timestamp NULL DEFAULT NULL
) ENGINE=InnoDB DEFAULT CHARSET=utf8mb4 COLLATE=utf8mb4_unicode_ci;

--
-- Dumping data for table `tbl_jenisbarang`
--

INSERT INTO `tbl_jenisbarang` (`jenisbarang_id`, `jenisbarang_nama`, `jenisbarang_slug`, `jenisbarang_ket`, `created_at`, `updated_at`) VALUES
(14, 'popok bayi', 'popok-bayi', NULL, '2025-01-10 10:26:44', '2025-01-10 10:26:44'),
(15, 'Makanan', 'makanan', NULL, '2025-01-10 10:26:53', '2025-01-10 10:26:53'),
(16, 'Minuman', 'minuman', NULL, '2025-01-10 10:27:05', '2025-01-10 10:27:05'),
(17, 'Sembako', 'sembako', NULL, '2025-01-10 10:27:15', '2025-01-10 10:27:15'),
(18, 'perlengkapan mandi', 'perlengkapan-mandi', NULL, '2025-01-10 10:27:36', '2025-01-10 10:27:36'),
(19, 'snack', 'snack', NULL, '2025-01-10 10:27:46', '2025-01-10 10:27:46'),
(20, 'Sabun Cuci', 'sabun-cuci', NULL, '2025-01-10 10:31:03', '2025-01-10 10:31:03'),
(21, 'Sabun Cuci Piring', 'sabun-cuci-piring', NULL, '2025-01-10 10:31:23', '2025-01-10 10:31:23');

-- --------------------------------------------------------

--
-- Table structure for table `tbl_menu`
--

CREATE TABLE `tbl_menu` (
  `menu_id` int(10) UNSIGNED NOT NULL,
  `menu_judul` varchar(255) NOT NULL,
  `menu_slug` varchar(255) NOT NULL,
  `menu_icon` varchar(255) NOT NULL,
  `menu_redirect` varchar(255) NOT NULL,
  `menu_sort` varchar(255) NOT NULL,
  `menu_type` varchar(255) NOT NULL,
  `created_at` timestamp NULL DEFAULT NULL,
  `updated_at` timestamp NULL DEFAULT NULL
) ENGINE=InnoDB DEFAULT CHARSET=utf8mb4 COLLATE=utf8mb4_unicode_ci;

--
-- Dumping data for table `tbl_menu`
--

INSERT INTO `tbl_menu` (`menu_id`, `menu_judul`, `menu_slug`, `menu_icon`, `menu_redirect`, `menu_sort`, `menu_type`, `created_at`, `updated_at`) VALUES
(1667444041, 'Dashboard', 'dashboard', 'home', '/dashboard', '1', '1', '2022-11-15 03:51:04', '2022-11-15 03:51:04'),
(1668509889, 'Master Barang', 'master-barang', 'package', '-', '2', '2', '2022-11-15 03:58:09', '2022-11-15 04:03:15'),
(1668510437, 'Transaksi', 'transaksi', 'repeat', '-', '4', '2', '2022-11-15 04:07:17', '2022-11-25 08:37:36'),
(1668510568, 'Laporan', 'laporan', 'printer', '-', '5', '2', '2022-11-15 04:09:28', '2022-11-25 08:37:28'),
(1669390641, 'Customer', 'customer', 'user', '/customer', '3', '1', '2022-11-25 08:37:21', '2022-11-25 08:37:36');

-- --------------------------------------------------------

--
-- Table structure for table `tbl_merk`
--

CREATE TABLE `tbl_merk` (
  `merk_id` int(10) UNSIGNED NOT NULL,
  `merk_nama` varchar(255) NOT NULL,
  `merk_slug` varchar(255) NOT NULL,
  `merk_keterangan` varchar(255) DEFAULT NULL,
  `created_at` timestamp NULL DEFAULT NULL,
  `updated_at` timestamp NULL DEFAULT NULL
) ENGINE=InnoDB DEFAULT CHARSET=utf8mb4 COLLATE=utf8mb4_unicode_ci;

--
-- Dumping data for table `tbl_merk`
--

INSERT INTO `tbl_merk` (`merk_id`, `merk_nama`, `merk_slug`, `merk_keterangan`, `created_at`, `updated_at`) VALUES
(8, 'Indofood', 'indofood', NULL, '2025-01-10 10:29:51', '2025-01-10 10:29:51'),
(9, 'wings', 'wings', NULL, '2025-01-10 10:30:01', '2025-01-10 10:30:01'),
(10, 'Abc', 'abc', NULL, '2025-01-10 10:30:11', '2025-01-10 10:30:11'),
(11, 'mamypoko', 'mamypoko', NULL, '2025-01-10 10:30:21', '2025-01-10 10:30:21');

-- --------------------------------------------------------

--
-- Table structure for table `tbl_role`
--

CREATE TABLE `tbl_role` (
  `role_id` int(10) UNSIGNED NOT NULL,
  `role_title` varchar(255) NOT NULL,
  `role_slug` varchar(255) NOT NULL,
  `role_desc` text DEFAULT NULL,
  `created_at` timestamp NULL DEFAULT NULL,
  `updated_at` timestamp NULL DEFAULT NULL
) ENGINE=InnoDB DEFAULT CHARSET=utf8mb4 COLLATE=utf8mb4_unicode_ci;

--
-- Dumping data for table `tbl_role`
--

INSERT INTO `tbl_role` (`role_id`, `role_title`, `role_slug`, `role_desc`, `created_at`, `updated_at`) VALUES
(1, 'Super Admin', 'super-admin', '-', '2022-11-15 03:51:04', '2022-11-15 03:51:04'),
(2, 'Admin', 'admin', '-', '2022-11-15 03:51:04', '2022-11-15 03:51:04'),
(3, 'Operator', 'operator', '-', '2022-11-15 03:51:04', '2022-11-15 03:51:04'),
(4, 'Owner', 'owner', NULL, '2022-12-06 02:33:27', '2025-01-10 06:35:44');

-- --------------------------------------------------------

--
-- Table structure for table `tbl_satuan`
--

CREATE TABLE `tbl_satuan` (
  `satuan_id` int(10) UNSIGNED NOT NULL,
  `satuan_nama` varchar(255) NOT NULL,
  `satuan_slug` varchar(255) NOT NULL,
  `satuan_keterangan` varchar(255) DEFAULT NULL,
  `created_at` timestamp NULL DEFAULT NULL,
  `updated_at` timestamp NULL DEFAULT NULL
) ENGINE=InnoDB DEFAULT CHARSET=utf8mb4 COLLATE=utf8mb4_unicode_ci;

--
-- Dumping data for table `tbl_satuan`
--

INSERT INTO `tbl_satuan` (`satuan_id`, `satuan_nama`, `satuan_slug`, `satuan_keterangan`, `created_at`, `updated_at`) VALUES
(8, 'Pcs', 'pcs', NULL, '2025-01-10 10:28:23', '2025-01-10 10:29:04'),
(9, 'Pack', 'pack', NULL, '2025-01-10 10:28:33', '2025-01-10 10:28:53'),
(10, 'Liter', 'liter', NULL, '2025-01-10 10:28:43', '2025-01-10 10:28:43'),
(11, 'Krtn', 'krtn', NULL, '2025-01-10 10:29:16', '2025-01-10 10:29:16');

-- --------------------------------------------------------

--
-- Table structure for table `tbl_submenu`
--

CREATE TABLE `tbl_submenu` (
  `submenu_id` int(10) UNSIGNED NOT NULL,
  `menu_id` varchar(255) NOT NULL,
  `submenu_judul` varchar(255) NOT NULL,
  `submenu_slug` varchar(255) NOT NULL,
  `submenu_redirect` varchar(255) NOT NULL,
  `submenu_sort` varchar(255) NOT NULL,
  `created_at` timestamp NULL DEFAULT NULL,
  `updated_at` timestamp NULL DEFAULT NULL
) ENGINE=InnoDB DEFAULT CHARSET=utf8mb4 COLLATE=utf8mb4_unicode_ci;

--
-- Dumping data for table `tbl_submenu`
--

INSERT INTO `tbl_submenu` (`submenu_id`, `menu_id`, `submenu_judul`, `submenu_slug`, `submenu_redirect`, `submenu_sort`, `created_at`, `updated_at`) VALUES
(9, '1668510437', 'Barang Masuk', 'barang-masuk', '/barang-masuk', '1', '2022-11-15 04:08:19', '2022-11-15 04:08:19'),
(10, '1668510437', 'Barang Keluar', 'barang-keluar', '/barang-keluar', '2', '2022-11-15 04:08:19', '2022-11-15 04:08:19'),
(17, '1668509889', 'Jenis', 'jenis', '/jenisbarang', '1', '2022-11-24 05:06:48', '2022-11-24 05:06:48'),
(18, '1668509889', 'Satuan', 'satuan', '/satuan', '2', '2022-11-24 05:06:48', '2022-11-24 05:06:48'),
(19, '1668509889', 'Merk', 'merk', '/merk', '3', '2022-11-24 05:06:48', '2022-11-24 05:06:48'),
(20, '1668509889', 'Barang', 'barang', '/barang', '4', '2022-11-24 05:06:48', '2022-11-24 05:06:48'),
(21, '1668510568', 'Lap Barang Masuk', 'lap-barang-masuk', '/lap-barang-masuk', '1', '2022-11-30 05:56:24', '2022-11-30 05:56:24'),
(22, '1668510568', 'Lap Barang Keluar', 'lap-barang-keluar', '/lap-barang-keluar', '2', '2022-11-30 05:56:24', '2022-11-30 05:56:24'),
(23, '1668510568', 'Lap Stok Barang', 'lap-stok-barang', '/lap-stok-barang', '3', '2022-11-30 05:56:24', '2022-11-30 05:56:24');

-- --------------------------------------------------------

--
-- Table structure for table `tbl_user`
--

CREATE TABLE `tbl_user` (
  `user_id` int(10) UNSIGNED NOT NULL,
  `role_id` varchar(255) NOT NULL,
  `user_nmlengkap` varchar(255) NOT NULL,
  `user_nama` varchar(255) NOT NULL,
  `user_email` varchar(255) NOT NULL,
  `user_foto` varchar(255) NOT NULL,
  `user_password` varchar(255) NOT NULL,
  `created_at` timestamp NULL DEFAULT NULL,
  `updated_at` timestamp NULL DEFAULT NULL
) ENGINE=InnoDB DEFAULT CHARSET=utf8mb4 COLLATE=utf8mb4_unicode_ci;

--
-- Dumping data for table `tbl_user`
--

INSERT INTO `tbl_user` (`user_id`, `role_id`, `user_nmlengkap`, `user_nama`, `user_email`, `user_foto`, `user_password`, `created_at`, `updated_at`) VALUES
(1, '1', 'Super Administrator', 'superadmin', 'superadmin@gmail.com', 'undraw_profile.svg', '25d55ad283aa400af464c76d713c07ad', '2022-11-15 03:51:04', '2022-11-15 03:51:04'),
(2, '2', 'Administrator', 'admin', 'admin@gmail.com', 'undraw_profile.svg', '25d55ad283aa400af464c76d713c07ad', '2022-11-15 03:51:04', '2022-11-15 03:51:04'),
(3, '3', 'Operator', 'operator', 'operator@gmail.com', 'undraw_profile.svg', '25d55ad283aa400af464c76d713c07ad', '2022-11-15 03:51:04', '2022-11-15 03:51:04'),
(4, '4', 'Owner', 'owner', 'owner@gmail.com', 'undraw_profile.svg', '25d55ad283aa400af464c76d713c07ad', '2022-12-06 02:33:54', '2025-01-10 06:42:27');

-- --------------------------------------------------------

--
-- Table structure for table `tbl_web`
--

CREATE TABLE `tbl_web` (
  `web_id` int(10) UNSIGNED NOT NULL,
  `web_nama` varchar(255) NOT NULL,
  `web_logo` varchar(255) NOT NULL,
  `web_deskripsi` varchar(255) DEFAULT NULL,
  `created_at` timestamp NULL DEFAULT NULL,
  `updated_at` timestamp NULL DEFAULT NULL
) ENGINE=InnoDB DEFAULT CHARSET=utf8mb4 COLLATE=utf8mb4_unicode_ci;

--
-- Dumping data for table `tbl_web`
--

INSERT INTO `tbl_web` (`web_id`, `web_nama`, `web_logo`, `web_deskripsi`, `created_at`, `updated_at`) VALUES
(1, 'CV. BINTANG CAHAYA', 'tl7Y4XOmlvHsZwOQmEU4EBpcIe8AFAgkT4HllYZ2.jpg', 'Mengelola Data Barang Masuk & Barang Keluar', '2022-11-15 03:51:04', '2025-01-28 10:28:44');

--
-- Indexes for dumped tables
--

--
-- Indexes for table `failed_jobs`
--
ALTER TABLE `failed_jobs`
  ADD PRIMARY KEY (`id`),
  ADD UNIQUE KEY `failed_jobs_uuid_unique` (`uuid`);

--
-- Indexes for table `migrations`
--
ALTER TABLE `migrations`
  ADD PRIMARY KEY (`id`);

--
-- Indexes for table `personal_access_tokens`
--
ALTER TABLE `personal_access_tokens`
  ADD PRIMARY KEY (`id`),
  ADD UNIQUE KEY `personal_access_tokens_token_unique` (`token`),
  ADD KEY `personal_access_tokens_tokenable_type_tokenable_id_index` (`tokenable_type`,`tokenable_id`);

--
-- Indexes for table `tbl_akses`
--
ALTER TABLE `tbl_akses`
  ADD PRIMARY KEY (`akses_id`);

--
-- Indexes for table `tbl_appreance`
--
ALTER TABLE `tbl_appreance`
  ADD PRIMARY KEY (`appreance_id`);

--
-- Indexes for table `tbl_barang`
--
ALTER TABLE `tbl_barang`
  ADD PRIMARY KEY (`barang_id`,`barang_kode`,`barang_nama`,`barang_harga`,`barang_stok`);

--
-- Indexes for table `tbl_barangkeluar`
--
ALTER TABLE `tbl_barangkeluar`
  ADD PRIMARY KEY (`bk_id`);

--
-- Indexes for table `tbl_barangmasuk`
--
ALTER TABLE `tbl_barangmasuk`
  ADD PRIMARY KEY (`bm_id`);

--
-- Indexes for table `tbl_customer`
--
ALTER TABLE `tbl_customer`
  ADD PRIMARY KEY (`customer_id`);

--
-- Indexes for table `tbl_jenisbarang`
--
ALTER TABLE `tbl_jenisbarang`
  ADD PRIMARY KEY (`jenisbarang_id`);

--
-- Indexes for table `tbl_menu`
--
ALTER TABLE `tbl_menu`
  ADD PRIMARY KEY (`menu_id`);

--
-- Indexes for table `tbl_merk`
--
ALTER TABLE `tbl_merk`
  ADD PRIMARY KEY (`merk_id`);

--
-- Indexes for table `tbl_role`
--
ALTER TABLE `tbl_role`
  ADD PRIMARY KEY (`role_id`);

--
-- Indexes for table `tbl_satuan`
--
ALTER TABLE `tbl_satuan`
  ADD PRIMARY KEY (`satuan_id`);

--
-- Indexes for table `tbl_submenu`
--
ALTER TABLE `tbl_submenu`
  ADD PRIMARY KEY (`submenu_id`);

--
-- Indexes for table `tbl_user`
--
ALTER TABLE `tbl_user`
  ADD PRIMARY KEY (`user_id`);

--
-- Indexes for table `tbl_web`
--
ALTER TABLE `tbl_web`
  ADD PRIMARY KEY (`web_id`);

--
-- AUTO_INCREMENT for dumped tables
--

--
-- AUTO_INCREMENT for table `failed_jobs`
--
ALTER TABLE `failed_jobs`
  MODIFY `id` bigint(20) UNSIGNED NOT NULL AUTO_INCREMENT;

--
-- AUTO_INCREMENT for table `migrations`
--
ALTER TABLE `migrations`
  MODIFY `id` int(10) UNSIGNED NOT NULL AUTO_INCREMENT, AUTO_INCREMENT=18;

--
-- AUTO_INCREMENT for table `personal_access_tokens`
--
ALTER TABLE `personal_access_tokens`
  MODIFY `id` bigint(20) UNSIGNED NOT NULL AUTO_INCREMENT;

--
-- AUTO_INCREMENT for table `tbl_akses`
--
ALTER TABLE `tbl_akses`
  MODIFY `akses_id` int(10) UNSIGNED NOT NULL AUTO_INCREMENT, AUTO_INCREMENT=648;

--
-- AUTO_INCREMENT for table `tbl_appreance`
--
ALTER TABLE `tbl_appreance`
  MODIFY `appreance_id` int(10) UNSIGNED NOT NULL AUTO_INCREMENT, AUTO_INCREMENT=4;

--
-- AUTO_INCREMENT for table `tbl_barang`
--
ALTER TABLE `tbl_barang`
  MODIFY `barang_id` int(255) NOT NULL AUTO_INCREMENT, AUTO_INCREMENT=16;

--
-- AUTO_INCREMENT for table `tbl_barangkeluar`
--
ALTER TABLE `tbl_barangkeluar`
  MODIFY `bk_id` int(10) UNSIGNED NOT NULL AUTO_INCREMENT, AUTO_INCREMENT=60;

--
-- AUTO_INCREMENT for table `tbl_barangmasuk`
--
ALTER TABLE `tbl_barangmasuk`
  MODIFY `bm_id` int(10) UNSIGNED NOT NULL AUTO_INCREMENT, AUTO_INCREMENT=21;

--
-- AUTO_INCREMENT for table `tbl_customer`
--
ALTER TABLE `tbl_customer`
  MODIFY `customer_id` int(10) UNSIGNED NOT NULL AUTO_INCREMENT, AUTO_INCREMENT=6;

--
-- AUTO_INCREMENT for table `tbl_jenisbarang`
--
ALTER TABLE `tbl_jenisbarang`
  MODIFY `jenisbarang_id` int(255) UNSIGNED NOT NULL AUTO_INCREMENT, AUTO_INCREMENT=22;

--
-- AUTO_INCREMENT for table `tbl_menu`
--
ALTER TABLE `tbl_menu`
  MODIFY `menu_id` int(10) UNSIGNED NOT NULL AUTO_INCREMENT, AUTO_INCREMENT=1669390642;

--
-- AUTO_INCREMENT for table `tbl_merk`
--
ALTER TABLE `tbl_merk`
  MODIFY `merk_id` int(10) UNSIGNED NOT NULL AUTO_INCREMENT, AUTO_INCREMENT=12;

--
-- AUTO_INCREMENT for table `tbl_role`
--
ALTER TABLE `tbl_role`
  MODIFY `role_id` int(10) UNSIGNED NOT NULL AUTO_INCREMENT, AUTO_INCREMENT=5;

--
-- AUTO_INCREMENT for table `tbl_satuan`
--
ALTER TABLE `tbl_satuan`
  MODIFY `satuan_id` int(10) UNSIGNED NOT NULL AUTO_INCREMENT, AUTO_INCREMENT=12;

--
-- AUTO_INCREMENT for table `tbl_submenu`
--
ALTER TABLE `tbl_submenu`
  MODIFY `submenu_id` int(10) UNSIGNED NOT NULL AUTO_INCREMENT, AUTO_INCREMENT=24;

--
-- AUTO_INCREMENT for table `tbl_user`
--
ALTER TABLE `tbl_user`
  MODIFY `user_id` int(10) UNSIGNED NOT NULL AUTO_INCREMENT, AUTO_INCREMENT=5;

--
-- AUTO_INCREMENT for table `tbl_web`
--
ALTER TABLE `tbl_web`
  MODIFY `web_id` int(10) UNSIGNED NOT NULL AUTO_INCREMENT, AUTO_INCREMENT=2;
COMMIT;

/*!40101 SET CHARACTER_SET_CLIENT=@OLD_CHARACTER_SET_CLIENT */;
/*!40101 SET CHARACTER_SET_RESULTS=@OLD_CHARACTER_SET_RESULTS */;
/*!40101 SET COLLATION_CONNECTION=@OLD_COLLATION_CONNECTION */;
